admission_type,total_admissions,avg_billing,avg_length_of_stay
Elective,18655,25602.226258,15.52532833020638
Urgent,18576,25517.364498,15.407999569336779
Emergency,18269,25497.397130,15.595051726969183
