medical_condition,total_admissions,avg_billing,total_billing,avg_length_of_stay,abnormal_rate
Diabetes,9304,25638.405567,238539725.40,15.422936371453138,0.340498710232
Obesity,9231,25805.971208,238214920.23,15.464305059040191,0.339291517712
Arthritis,9308,25497.327058,237329120.26,15.517404383326172,0.342501074344
Hypertension,9245,25497.095736,235720650.08,15.458626284478097,0.325797728501
Asthma,9185,25635.249306,235459764.88,15.69657049537289,0.327599346761
Cancer,9227,25161.792684,232167861.10,15.495827462880676,0.337921317871
